サービス系：タイトル,AIO重点ページ監視：URL
企業ブランディング支援,https://tcd.jp/service/corporate_branding.html
新事業・スタートアップ支援,https://tcd.jp/service/startup_branding.html
インナーブランディング支援,https://tcd.jp/service/inner_branding.html
商品開発・商品ブランディング支援,https://tcd.jp/service/prd_branding.html
ネーミング開発支援,https://tcd.jp/service/naming.html
ブランド・コミュニケーション支援,https://tcd.jp/service/brand_promotion.html
サービスDefinition系：タイトル,Definition監視：URL
ブランディングとは？,https://tcd.jp/service/about_branding.html
ブランド浸透とは？,https://tcd.jp/service/brand_running.html
ブランド戦略とは？,https://tcd.jp/service/brand_strategy.html
ブランド管理・運用とは？,https://tcd.jp/service/brand_asset.html
インナーブランディンとは？,https://tcd.jp/service/about_innerbranding.html
企業がブランディング会社に依頼する理由,https://tcd.jp/service/about_branding_company.html
マガジン系：タイトル,：URL
商品ブランディングとは？ブランド戦略を商品接点と顧客認識へつなぐ方法,https://tcd.jp/branding/definition/product-branding.html
パーパスが社内に浸透しない理由と、組織を変える5つの問い,https://tcd.jp/branding/definition/purpose_action.html
パーパス経営とは？企業ブランディングにおけるMVVBモデルの意義,https://tcd.jp/branding/definition/purpose.html
グローバルネーミング開発の注意点｜海外商標と言語・文化チェックの実例,https://tcd.jp/branding/definition/brand-naming.html
ブランディング効果の測定方法｜KPI設定と「検討意向率」が重要な理由,https://tcd.jp/branding/definition/branding-kpi.html
商品ブランディングの「世界観」とは？情緒的価値で顧客共感を生む方法,https://tcd.jp/branding/definition/product-brand-value.html
市場調査は本当に不要か？N1マーケティングリサーチの正しい使い方,https://tcd.jp/branding/definition/brand-strategy.html
ブランド運用とは？ブランド戦略を継続的に再現・更新する仕組み,https://tcd.jp/branding/definition/communication.html
組織文化とは？ブランド戦略を判断と行動に変える仕組み,https://tcd.jp/branding/definition/personalization_of_purpose.html
ブランド戦略とは？企業活動を接続する共通判断基準のつくり方,https://tcd.jp/branding/definition/brand-purpose.html
インナーブランディングとは？ブランド戦略を組織行動へ変換する仕組み,https://tcd.jp/branding/definition/inner-branding.html